{
	"MY SAFIR PROFILE": "حساب کاربری من",
	"MEMBER PROFILE": "حساب کاربری عضویت",
	"REWARDS & POINTS": "جوایز و امتیازات",
	"HOW TO EARN MORE POINTS": "چگونه امتیازات بیشتر دریافت کنیم",
	"REWARDS": "جوایز",
	"HOW TO EARN MORE POINTS": "چگونه امتیازات بیشتر دریافت کنیم",
	"get points by visiting to the site": "امتیاز بیشتر در بازدید از سایت ( با بازدید 5 بار در هفته، امتیاز بیشتر دریافت کنید) ",
	"points on a specific day": "امتیاز بیشتر در ایام خاص",
	"points for a specific product": "امتیاز بیشتر برای محصولات خاص",
	"points for watching tutorials": "حساب کاربری من",
	"points when shopping online": "امتیاز بیشتر در خرید اینترنتی",
	"points for sharing Safir perfumery": "امتیاز بیشتر برای به اشتراک گذاری safirperfumery.com",
	"points for like the page": "امتیاز بیشتر برای لایک کردن پیج",
	"write a mail to your friend" : "ارسال ایمیل به دوستان",
	"SEND" : "ارسال"

}