{
  // Server authentication info
  "servers": [
    {
      "host": "52.90.102.202",
      "username": "ubuntu",
     // "password": "password",
      // or pem file (ssh based authentication)
      // WARNING: Keys protected by a passphrase are not supported
      "pem": "/Users/djisse/Documents/aws/linux-class.pem"
      // Also, for non-standard ssh port use this
      //"sshOptions": { "port" : 49154 },
      // server specific environment variables
     // "env": {}
    }
  ],

  // Install MongoDB on the server. Does not destroy the local MongoDB on future setups
  "setupMongo": true,

  "setupNode": true,

  "nodeVersion": "0.10.36",
  // Application name (no spaces).
  "appName": "safir",

  "buildOptions": {
    "debug": true
  },

  // Location of app (local directory). This can reference '~' as the users home directory.
  // i.e., "app": "~/Meteor/my-app",
  // This is the same as the line below.
  "app": "/Users/djisse/Documents/saphir/makra/mobile",

  // Configure environment
  // ROOT_URL must be set to your correct domain (https or http)
  "env": {
    "PORT": 3000,
    "ROOT_URL": "http://52.90.102.202"
  },

  // Meteor Up checks if the app comes online just after the deployment.
  // Before mup checks that, it will wait for the number of seconds configured below.
  "deployCheckWaitTime": 15,

  // show a progress bar while uploading. 
  // Make it false when you deploy using a CI box.
  "enableUploadProgressBar": true
}
